{"cameraMode":{"drawMode":0,"name":"Shaded","section":"Shading Mode"},"sceneLighting":true,"audioPlay":false,"sceneViewState":{"showFog":true,"showMaterialUpdate":false,"showSkybox":true,"showFlares":true,"showImageEffects":true,"showParticleSystems":true},"in2DMode":false,"pivot":{"x":223.65347290039063,"y":-159.2994842529297,"z":694.49755859375},"rotation":{"x":-0.07128354907035828,"y":0.8377282619476318,"z":-0.1127699613571167,"w":-0.5295401215553284},"size":1010.8368530273438,"orthographic":false}